{
    "no_rigid_motion": false,
    "regions": [
        {
            "path": [
                [
                    -0.3467933491686463,
                    0.03444180522565327
                ],
                [
                    -0.3467933491686463,
                    -0.5356294536817098
                ],
                [
                    -0.33610451306413314,
                    -0.5878859857482185
                ],
                [
                    -0.30641330166270797,
                    -0.6306413301662703
                ],
                [
                    -0.26365795724465546,
                    -0.6603325415676955
                ],
                [
                    -0.2114014251781474,
                    -0.671021377672209
                ],
                [
                    0.17102137767220876,
                    -0.671021377672209
                ],
                [
                    0.2304038004750591,
                    -0.6579572446555817
                ],
                [
                    0.27909738717339666,
                    -0.6258907363420426
                ],
                [
                    0.312351543942993,
                    -0.577197149643705
                ],
                [
                    0.3242280285035631,
                    -0.5178147268408547
                ],
                [
                    0.3242280285035631,
                    0.03444180522565327
                ]
            ],
            "type": "fracture",
            "value": [
                0,
                0,
                0
            ]
        },
        {
            "box": {
                "maxCorner": [
                    0.44418052256532037,
                    1.0961995249406176
                ],
                "minCorner": [
                    -0.48337292161520207,
                    0.9798099762470308
                ]
            },
            "type": "force",
            "value": [
                -0.1,
                -0.001,
                0
            ]
        },
        {
            "path": [
                [
                    -0.7149643705463185,
                    -0.9999999999999998
                ],
                [
                    -0.011876484560570071,
                    -0.9999999999999998
                ],
                [
                    0.7244655581947743,
                    -0.9999999999999998
                ]
            ],
            "type": "dirichlet",
            "value": [
                0,
                0,
                0
            ]
        }
    ]
}
