{
    "no_rigid_motion": false,
    "regions": [
        {
            "path": [
                [
                    -0.34718100890207715,
                    0.03501483679525277
                ],
                [
                    -0.3459940652818995,
                    -0.6700296735905044
                ],
                [
                    0.32344213649851633,
                    -0.6700296735905044
                ],
                [
                    0.32344213649851633,
                    0.03501483679525277
                ]
            ],
            "type": "fracture",
            "value": [
                0,
                0,
                0
            ]
        },
        {
            "box": {
                "maxCorner": [
                    0.44332344213649877,
                    1.0961424332344216
                ],
                "minCorner": [
                    -0.4836795252225519,
                    0.9798219584569734
                ]
            },
            "type": "force",
            "value": [
                -0.1,
                -0.001,
                0
            ]
        },
        {
            "path": [
                [
                    -0.7151335311572704,
                    -1.0
                ],
                [
                    -0.011275964391691935,
                    -1.0
                ],
                [
                    0.7234421364985162,
                    -1.0
                ]
            ],
            "type": "dirichlet",
            "value": [
                0,
                0,
                0
            ]
        }
    ]
}
